{"cameraMode":{"drawMode":0,"name":"Shaded","section":"Shading Mode"},"sceneLighting":false,"audioPlay":false,"sceneViewState":{"showFog":true,"showMaterialUpdate":false,"showSkybox":true,"showFlares":true,"showImageEffects":true,"showParticleSystems":true,"showVisualEffectGraphs":true,"m_FxEnabled":true},"in2DMode":false,"pivot":{"x":40.75836944580078,"y":509.67303466796877,"z":166.20333862304688},"rotation":{"x":-0.00036346082924865186,"y":0.9977035522460938,"z":-0.06775812804698944,"w":-0.005372125189751387},"size":4.818647861480713,"orthographic":false}