{"cameraMode":{"drawMode":0,"name":"Shaded","section":"Shading Mode"},"sceneLighting":false,"audioPlay":false,"sceneViewState":{"showFog":true,"showMaterialUpdate":false,"showSkybox":true,"showFlares":true,"showImageEffects":true,"showParticleSystems":true,"showVisualEffectGraphs":true,"m_FxEnabled":true},"in2DMode":false,"pivot":{"x":41.892852783203128,"y":507.29388427734377,"z":192.80137634277345},"rotation":{"x":0.09765109419822693,"y":0.007458821404725313,"z":-0.0007318860152736306,"w":0.9951926469802856},"size":4.49319314956665,"orthographic":false}