{"cameraMode":{"drawMode":0,"name":"Shaded","section":"Shading Mode"},"sceneLighting":false,"audioPlay":false,"sceneViewState":{"showFog":true,"showMaterialUpdate":false,"showSkybox":true,"showFlares":true,"showImageEffects":true,"showParticleSystems":true,"showVisualEffectGraphs":true,"m_FxEnabled":true},"in2DMode":false,"pivot":{"x":37.77000045776367,"y":509.1709899902344,"z":143.89999389648438},"rotation":{"x":0.025294046849012376,"y":0.9488310813903809,"z":-0.30478423833847048,"w":0.07874491065740586},"size":2.666025400161743,"orthographic":false}