{"cameraMode":{"drawMode":0,"name":"Shaded","section":"Shading Mode"},"sceneLighting":false,"audioPlay":false,"sceneViewState":{"showFog":true,"showMaterialUpdate":false,"showSkybox":true,"showFlares":true,"showImageEffects":true,"showParticleSystems":true,"showVisualEffectGraphs":true,"m_FxEnabled":true},"in2DMode":false,"pivot":{"x":41.909088134765628,"y":507.29388427734377,"z":192.8011016845703},"rotation":{"x":0.09764988720417023,"y":0.008951601572334767,"z":-0.000878361810464412,"w":0.9951803684234619},"size":2.758760690689087,"orthographic":false}