{"cameraMode":{"drawMode":0,"name":"Shaded","section":"Shading Mode"},"sceneLighting":false,"audioPlay":false,"sceneViewState":{"showFog":true,"showMaterialUpdate":false,"showSkybox":true,"showFlares":true,"showImageEffects":true,"showParticleSystems":true,"showVisualEffectGraphs":true,"m_FxEnabled":true},"in2DMode":false,"pivot":{"x":39.72156524658203,"y":507.65289306640627,"z":190.37124633789063},"rotation":{"x":0.008148669265210629,"y":-0.9913429617881775,"z":-0.1071755439043045,"w":-0.07569780200719834},"size":3.3910939693450929,"orthographic":false}