{"cameraMode":{"drawMode":0,"name":"Shaded","section":"Shading Mode"},"sceneLighting":false,"audioPlay":false,"sceneViewState":{"showFog":true,"showMaterialUpdate":false,"showSkybox":true,"showFlares":true,"showImageEffects":true,"showParticleSystems":true,"showVisualEffectGraphs":true,"m_FxEnabled":true},"in2DMode":false,"pivot":{"x":41.62019348144531,"y":508.4005126953125,"z":143.82589721679688},"rotation":{"x":0.004904658067971468,"y":0.9877771139144898,"z":-0.15263372659683228,"w":0.03173382580280304},"size":5.650120735168457,"orthographic":false}