{"cameraMode":{"drawMode":0,"name":"Shaded","section":"Shading Mode"},"sceneLighting":false,"audioPlay":false,"sceneViewState":{"showFog":true,"showMaterialUpdate":false,"showSkybox":true,"showFlares":true,"showImageEffects":true,"showParticleSystems":true,"showVisualEffectGraphs":true,"m_FxEnabled":true},"in2DMode":false,"pivot":{"x":38.972251892089847,"y":507.3138732910156,"z":190.8064727783203},"rotation":{"x":0.0035326729994267227,"y":0.9933118224143982,"z":-0.03160751610994339,"w":0.11101549118757248},"size":1.7719403505325318,"orthographic":false}