{"cameraMode":{"drawMode":0,"name":"Shaded","section":"Shading Mode"},"sceneLighting":false,"audioPlay":false,"sceneViewState":{"showFog":true,"showMaterialUpdate":false,"showSkybox":true,"showFlares":true,"showImageEffects":true,"showParticleSystems":true,"showVisualEffectGraphs":true,"m_FxEnabled":true},"in2DMode":false,"pivot":{"x":41.361724853515628,"y":511.9116516113281,"z":144.49571228027345},"rotation":{"x":0.10002415627241135,"y":0.0009080898016691208,"z":0.00009093764674616978,"w":-0.9949994087219238},"size":0.2909005880355835,"orthographic":false}