{"cameraMode":{"drawMode":0,"name":"Shaded","section":"Shading Mode"},"sceneLighting":false,"audioPlay":false,"sceneViewState":{"showFog":true,"showMaterialUpdate":false,"showSkybox":true,"showFlares":true,"showImageEffects":true,"showParticleSystems":true,"showVisualEffectGraphs":true,"m_FxEnabled":true},"in2DMode":false,"pivot":{"x":588.4410400390625,"y":509.4742126464844,"z":445.67462158203127},"rotation":{"x":0.0008386164554394782,"y":0.9726830124855042,"z":-0.2321738749742508,"w":0.003516991389915347},"size":1.8743188381195069,"orthographic":false}