{"cameraMode":{"drawMode":0,"name":"Shaded","section":"Shading Mode"},"sceneLighting":false,"audioPlay":false,"sceneViewState":{"showFog":true,"showMaterialUpdate":false,"showSkybox":true,"showFlares":true,"showImageEffects":true,"showParticleSystems":true,"showVisualEffectGraphs":true,"m_FxEnabled":true},"in2DMode":false,"pivot":{"x":405.06195068359377,"y":529.0529174804688,"z":66.43195343017578},"rotation":{"x":-0.009773893281817437,"y":-0.9846328496932983,"z":0.16426779329776765,"w":-0.05854739248752594},"size":2.3940858840942385,"orthographic":false}